Author,Comment,Likes,Published,Comment_Length,Word_Count,Tokens
@RaaviNarayana-k8w,,0,2026-04-17 12:25:16+00:00,2,1,[]
@YakariSwapna,,1,2026-03-16 16:29:58+00:00,5,1,[]
@laddu14487,koti gaaru trivikram srinivas gaaru best movie,0,2025-11-06 14:11:59+00:00,50,9,"['koti', 'gaaru', 'trivikram', 'srinivas', 'gaaru', 'best', 'movie']"
@ShakerAkkala,venkatesh sat rep naveena pregnet born lenin congress party,0,2025-09-23 14:42:06+00:00,60,9,"['venkatesh', 'sat', 'rep', 'naveena', 'pregnet', 'born', 'lenin', 'congress', 'party']"
@ajariajay2068,thank you for inviting me raju garu,0,2025-07-19 14:51:58+00:00,38,7,"['thank', 'you', 'for', 'inviting', 'me', 'raju', 'garu']"
@ajariajay2068,definitely i will meet you anna,0,2025-07-19 14:51:27+00:00,31,6,"['definitely', 'i', 'will', 'meet', 'you', 'anna']"
@ajariajay2068,,0,2025-07-19 14:51:04+00:00,3,1,[]
@koteswarao1987,pelli kosam ekkani gudi ledu mokkani gudi ledu nenu kuda anthe,1,2024-08-02 08:29:42+00:00,69,12,"['pelli', 'kosam', 'ekkani', 'gudi', 'ledu', 'mokkani', 'gudi', 'ledu', 'nenu', 'kuda', 'anthe']"
@anilkumarvurimi9792,645,0,2024-04-14 09:22:13+00:00,4,1,['645']
@ajariajay2068,,0,2024-04-09 07:47:06+00:00,2,1,[]
@MadhuSuresh-c8i,eppudu chosina fresh gani unnatiddo,1,2024-01-23 06:51:09+00:00,37,5,"['eppudu', 'chosina', 'fresh', 'gani', 'unnatiddo']"
@santhoshvenkata2806,this is one of my favourite movie and comedy is superb i like it so much,5,2024-01-12 15:40:22+00:00,80,17,"['this', 'is', 'one', 'of', 'my', 'favourite', 'movie', 'and', 'comedy', 'is', 'superb', 'i', 'like', 'it', 'so', 'much']"
@dannanidurgarao8731,1358,3,2024-01-09 18:20:22+00:00,13,2,['1358']
@alliswell7097,1214 to 1228 adi nijame,4,2023-12-16 11:13:16+00:00,29,6,"['1214', 'to', '1228', 'adi', 'nijame']"
@nareshsalla2509,super comedy,0,2023-12-15 05:26:29+00:00,18,3,"['super', 'comedy']"
@singurumuralimohan5609,3004 bgm,5,2023-12-10 15:20:15+00:00,11,2,"['3004', 'bgm']"
@XxrAyxXwOlF,nice,1,2023-08-07 18:05:03+00:00,4,1,['nice']
@XxrAyxXwOlF,a,0,2023-08-07 18:04:48+00:00,1,1,['a']
@Vijay-1992,good,0,2023-08-07 05:21:23+00:00,4,1,['good']
@anjanaparthasarathi7032,,0,2023-08-06 17:55:44+00:00,2,1,[]
@MadhuBeeragouni,1605 mr bean scene,3,2023-08-06 13:20:27+00:00,19,4,"['1605', 'mr', 'bean', 'scene']"
@neelammach4888,,0,2023-08-06 11:22:24+00:00,1,1,[]
@nageshbala5859,2600 to 2700 super,3,2023-07-31 02:41:07+00:00,20,4,"['2600', 'to', '2700', 'super']"
@jainipraveenkumar3702,same to same ma etilo,0,2023-07-29 04:42:12+00:00,21,5,"['same', 'to', 'same', 'ma', 'etilo']"
@danieldaviddd,1910 industry fav dialogue,16,2023-07-27 07:00:40+00:00,29,5,"['1910', 'industry', 'fav', 'dialogue']"
@kirraktrolls,,0,2023-07-25 16:41:11+00:00,28,1,[]
@LoverofBunny,3113,3,2023-06-24 12:29:24+00:00,6,1,['3113']
@swarnakumari2850,malliswari muv ennisarlu ina chudochu,0,2023-06-20 09:05:46+00:00,37,5,"['malliswari', 'muv', 'ennisarlu', 'ina', 'chudochu']"
@Prem.01x-p4,1,1,2023-06-19 04:27:04+00:00,2,1,['1']
@Traveling3666,సూపర్,1,2023-06-12 09:48:54+00:00,5,1,['సూపర్']
@kanchikamakshi2896,ullo pelliki kukkala hadavidi,1,2023-06-04 21:50:58+00:00,29,4,"['ullo', 'pelliki', 'kukkala', 'hadavidi']"
@Lord.Dakshinamurthy,1230 1248,1,2023-06-02 04:34:10+00:00,16,3,"['1230', '1248']"
@Lord.Dakshinamurthy,1158 p 1204,0,2023-06-02 04:31:56+00:00,18,4,"['1158', 'p', '1204']"
@Lord.Dakshinamurthy,one of my fav telugu movies,5,2023-06-02 04:22:56+00:00,30,7,"['one', 'of', 'my', 'fav', 'telugu', 'movies']"
@BittubhaiBhai-om2vr,విరూపాక్ష సినిమా కథ చాలా మంచి కథచాలా బాగా తీశారు ఎక్కడా బోర్ కొట్టడం కాదు కదా సినిమా చాలా intresting గా జనాల్ని ఆ కథ లోకి ఆ ఊరిలోకి తీసుకెళ్ళింది అష్ట దిగ్బంధం లో మనం కూడా ఉన్నమన్నంత బాగా తీశారు కానీ ఇంత దమ్మున్న కథకి జనాలని ఇంకా భయ పెట్టెంత సీన్ లు పెట్టచ్చుపెట్టుంటే బాగున్ను అనిపించింది example ఆ train scene లాగ అలాంటి భయం సీన్ లు ఒక నాల్గు ఐదు పడుంటే అసలు verey level anthe భయం సీన్ లు కల్పితంగా అనుకుని కొన్ని పెట్టాల్సింది,43,2023-05-28 04:48:28+00:00,443,70,"['విరూపాక్ష', 'సినిమా', 'కథ', 'చాలా', 'మంచి', 'కథచాలా', 'బాగా', 'తీశారు', 'ఎక్కడా', 'బోర్', 'కొట్టడం', 'కాదు', 'కదా', 'సినిమా', 'చాలా', 'intresting', 'గా', 'జనాల్ని', 'ఆ', 'కథ', 'లోకి', 'ఆ', 'ఊరిలోకి', 'తీసుకెళ్ళింది', 'అష్ట', 'దిగ్బంధం', 'లో', 'మనం', 'కూడా', 'ఉన్నమన్నంత', 'బాగా', 'తీశారు', 'కానీ', 'ఇంత', 'దమ్మున్న', 'కథకి', 'జనాలని', 'ఇంకా', 'భయ', 'పెట్టెంత', 'సీన్', 'లు', 'పెట్టచ్చుపెట్టుంటే', 'బాగున్ను', 'అనిపించింది', 'example', 'ఆ', 'train', 'scene', 'లాగ', 'అలాంటి', 'భయం', 'సీన్', 'లు', 'ఒక', 'నాల్గు', 'ఐదు', 'పడుంటే', 'అసలు', 'verey', 'level', 'anthe', 'భయం', 'సీన్', 'లు', 'కల్పితంగా', 'అనుకుని', 'కొన్ని', 'పెట్టాల్సింది']"
@SuperAsrith,laddu lax unaav,0,2023-05-27 02:34:33+00:00,15,3,"['laddu', 'lax', 'unaav']"
@ramakishorereddykotha2405,tejaswi rao sooooerrrr acting,0,2023-05-16 00:38:04+00:00,33,5,"['tejaswi', 'rao', 'sooooerrrr', 'acting']"
@enjamurinaresh7838,1848,3,2023-05-11 14:51:45+00:00,9,2,['1848']
@mallicongo6039,bgm punches,0,2023-04-26 18:37:17+00:00,12,2,"['bgm', 'punches']"
@teluguhla-hn5ft,after crowned huge followers worthful working study full pledged seated car by child mack goods trapped child with sharp dosatool and kicked under earth surface by super modda then see result before morning after night middle of noon end after evening,1,2023-03-27 06:05:49+00:00,251,41,"['after', 'crowned', 'huge', 'followers', 'worthful', 'working', 'study', 'full', 'pledged', 'seated', 'car', 'by', 'child', 'mack', 'goods', 'trapped', 'child', 'with', 'sharp', 'dosatool', 'and', 'kicked', 'under', 'earth', 'surface', 'by', 'super', 'modda', 'then', 'see', 'result', 'before', 'morning', 'after', 'night', 'middle', 'of', 'noon', 'end', 'after', 'evening']"
@teluguhla-hn5ft,just see after night before morning just evening middle of noon after made seated hold that liked child hold hair precious dragged me from balconies kicked by super modda under earth surface then see result after noon before morning end of evening middle of noon,0,2023-03-27 06:02:33+00:00,262,45,"['just', 'see', 'after', 'night', 'before', 'morning', 'just', 'evening', 'middle', 'of', 'noon', 'after', 'made', 'seated', 'hold', 'that', 'liked', 'child', 'hold', 'hair', 'precious', 'dragged', 'me', 'from', 'balconies', 'kicked', 'by', 'super', 'modda', 'under', 'earth', 'surface', 'then', 'see', 'result', 'after', 'noon', 'before', 'morning', 'end', 'of', 'evening', 'middle', 'of', 'noon']"
@teluguhla-hn5ft,ela chese chooodu seated in car mack up hair mack up precious hair mack dragged my hair from upstairs just after night or before morning or middle of noon end of after noon made ground study less kd seated hair mack up precious mack up goods and dragged kicked me under earth surface and see result before morning g after night end of evening middle of noon,0,2023-03-27 05:48:59+00:00,357,67,"['ela', 'chese', 'chooodu', 'seated', 'in', 'car', 'mack', 'up', 'hair', 'mack', 'up', 'precious', 'hair', 'mack', 'dragged', 'my', 'hair', 'from', 'upstairs', 'just', 'after', 'night', 'or', 'before', 'morning', 'or', 'middle', 'of', 'noon', 'end', 'of', 'after', 'noon', 'made', 'ground', 'study', 'less', 'kd', 'seated', 'hair', 'mack', 'up', 'precious', 'mack', 'up', 'goods', 'and', 'dragged', 'kicked', 'me', 'under', 'earth', 'surface', 'and', 'see', 'result', 'before', 'morning', 'g', 'after', 'night', 'end', 'of', 'evening', 'middle', 'of', 'noon']"
@friendsforeversrirajfriend7351,appatlone slides model cheppulu unnai ippudu avi trend,2,2023-03-21 19:47:04+00:00,60,9,"['appatlone', 'slides', 'model', 'cheppulu', 'unnai', 'ippudu', 'avi', 'trend']"
@kitturoyal4329,super movie,3,2023-02-10 14:23:45+00:00,11,2,"['super', 'movie']"
@ramumegastar,navvi navvi sachipotham,0,2023-01-29 15:55:56+00:00,23,3,"['navvi', 'navvi', 'sachipotham']"
@PSuresh-j5e,what balcony sea view,0,2023-01-27 15:23:41+00:00,21,4,"['what', 'balcony', 'sea', 'view']"
@mahendargujjunuri8401,,2,2023-01-15 01:32:32+00:00,11,1,[]
@hanumanthahanu6333,om namo venkateshaa,8,2023-01-06 04:27:18+00:00,34,4,"['om', 'namo', 'venkateshaa']"
@srivastav200,2828 all time favourite dialogue,71,2023-01-04 07:49:15+00:00,34,5,"['2828', 'all', 'time', 'favourite', 'dialogue']"
@friendsforeversrirajfriend7351,this movie bgm reminds me childhood days wow whos watching in 2023,97,2023-01-02 16:59:21+00:00,74,14,"['this', 'movie', 'bgm', 'reminds', 'me', 'childhood', 'days', 'wow', 'whos', 'watching', 'in', '2023']"
@bharathinoval9925,akkada kundi ledu,3,2023-01-01 17:58:43+00:00,19,4,"['akkada', 'kundi', 'ledu']"
@shaikarif511,brahmmanandam garu chala baga comedy chestaru,18,2022-12-26 08:46:41+00:00,54,7,"['brahmmanandam', 'garu', 'chala', 'baga', 'comedy', 'chestaru']"
@Moka138,super comedy venki,4,2022-12-24 14:45:26+00:00,18,3,"['super', 'comedy', 'venki']"
@kondagorrivikki4465,,6,2022-12-23 03:44:59+00:00,2,1,[]
@manoharasmmanoharasm7224,nice,3,2022-12-22 13:22:42+00:00,5,1,['nice']
@raghuvaran8592,pelli chesukunte mante yandukku pelli,51,2022-12-22 11:21:06+00:00,37,5,"['pelli', 'chesukunte', 'mante', 'yandukku', 'pelli']"
@sridharsSri-cd1sh,nice game,2,2022-12-22 09:05:27+00:00,9,2,"['nice', 'game']"
@uday7610,super scenes,31,2022-12-21 16:26:43+00:00,14,3,"['super', 'scenes']"
@Renato_83,మల్లీశ్వరి బెస్ట్ మూవీ వెంకీ మామ ఎన్ని సార్లు చూశానో తెలీదు కౌంట్ లెస్స మోస్ట్ హిలేరియస్ డైలాగ్ అరే మీరు ఇదే బీచ్ కి వస్తారా ఇంకెన్ని బీచ్లు ఉన్నాయి వైజాగ్ లో,36,2022-12-21 13:46:01+00:00,176,28,"['మల్లీశ్వరి', 'బెస్ట్', 'మూవీ', 'వెంకీ', 'మామ', 'ఎన్ని', 'సార్లు', 'చూశానో', 'తెలీదు', 'కౌంట్', 'లెస్స', 'మోస్ట్', 'హిలేరియస్', 'డైలాగ్', 'అరే', 'మీరు', 'ఇదే', 'బీచ్', 'కి', 'వస్తారా', 'ఇంకెన్ని', 'బీచ్లు', 'ఉన్నాయి', 'వైజాగ్', 'లో']"
@santhus1198,esw,1,2022-12-21 06:01:22+00:00,3,1,['esw']
@7_FOODIE,ayyyyyy,3,2022-12-19 15:27:21+00:00,7,1,['ayyyyyy']
@GopalKrishna-fm1pm,super,3,2022-12-19 14:42:22+00:00,5,1,['super']
@ShivaShiva-bl1th,super,4,2022-12-19 10:14:50+00:00,5,1,['super']
@ShivaShiva-bl1th,hi,2,2022-12-19 10:14:40+00:00,2,1,['hi']
