Author,Comment,Likes,Published
@merehumsafar5064,Bhai Tera choice ghatiya ha,0,2026-09-23T15:04:48Z
@arifhussain4798,Kounse company ka tv tha bro.....,0,2026-09-06T15:33:35Z
@maddy88910,"Baggy jeans bolke ekbhi atcha baggy nhi dikhaya 😂 only H&M he atcha tha , you should try blurvillage , off duty ,glitches for budge baggy jeans",0,2026-09-03T14:56:38Z
@Grewal0007,Pepe jeans??,1,2026-09-03T12:10:08Z
@filmoffury3333,"Jack n Jones is a Danish brand, search to karlo video banane se pehle.",0,2026-09-02T12:51:40Z
@PureJazz23,Jack and Jones is not indian 😂,0,2026-08-23T05:55:27Z
@amit_writer234,By the way jack jones from denmark not from india,0,2026-07-24T21:08:26Z
@anandchainani2,Ho Bindaass ki jeans try karo 👌,0,2026-07-24T11:45:24Z
@himanshusaini7950,Off duty jeans,0,2026-07-23T18:41:02Z
@strangerforyouuu,Hum hai gareeb hum ganto laga dete hai 1000 ke under dhondhne mai😂,2,2026-07-23T10:08:50Z
@vishalmoral9695,Try -snitch off duty,0,2026-07-17T18:38:24Z
@Dheeraj25-h6t,Bhaiya app levis ki jeans ke fits ke upar  video bana do,0,2026-07-16T20:22:18Z
@siddharthkanhai6537,If you are comparing jeans then you need to include American eagle in the comparison!,0,2026-07-16T18:31:34Z
@SpaceUnlocked0,"Bro westside,snitch,powerlook inke bhi bata do yr and straight fit me ya wide leg me",0,2026-07-15T14:30:27Z
@MdabrarAli-t3h,Patle boys ke best jeans kon sa rahega plz bhaiya reply😢,0,2026-07-13T18:24:02Z
@THESHOWSTV,Bro Levi's pe lao bootcut ko v cover kro,0,2026-07-13T18:03:21Z
@1245klo,Zara,0,2026-07-12T16:59:20Z
@irfanhaque2193,do off duty and indian garage please,0,2026-07-12T05:43:19Z
@shaddy.74,Freakins ka jeans kaise lunn,0,2026-07-11T21:29:21Z
@AshutoshKumaryadav-w6j,Review Levi's all fits,0,2026-07-11T11:40:43Z
@riogamingyt3362,Olga perfume ka video lao,0,2026-07-11T05:27:26Z
@riogamingyt3362,Olga perfume ka video lao,0,2026-07-11T05:27:17Z
@riogamingyt3362,Olga perfume ka video lao,0,2026-07-11T05:26:55Z
@riogamingyt3362,Olga perfume ka video lao,0,2026-07-11T05:26:39Z
@mrpatchybeard1690,Urbano is shittt bhai...why ??? itna wahiyyat kapda h,0,2026-07-10T22:26:02Z
@QWERTY-fq9dg,Its Levi's and h&m for me. Will try jack & jones next,8,2026-07-10T15:53:53Z
@ManojSingh-yg3xn,Bhai bootcut ki video banado please,0,2026-07-10T14:48:08Z
@ವಾತ್ಸಲ್ರರಾಕಿಂಗ್ಸ್ಟಾರ್ವತ್ಸಲ್,"My Choice: Ralph Lauren, Abercrombie & Fitch, Tommy Hilfiger, Tommy Jeans, Levis, True Religion 🫶🩷",0,2026-07-10T13:08:06Z
@mdkader6445,"Jack and Jones isn't an Indian brand, it's a Danish brand!",0,2026-07-10T11:27:33Z
@just7minute554,Lee levis pepe jeans wrangler sab bhool gye yr,0,2026-07-10T08:17:36Z
@suman-hazra-00,"Best -  1. Snitch, 2. Dnmx , 3. Yousta and zudio in budget!",12,2026-07-10T06:16:08Z
@bhanuprataps1556,souled store bottomwear and best casual jackets,0,2026-07-10T04:15:17Z
@NobleKage,Tommy Hilfiger,1,2026-07-09T21:48:44Z
@Timeless2529,bhai BONKERS CORNER ke pujama and tshirts ka review karo,0,2026-07-09T19:01:09Z
@Madhav_mv_123,Jack and Jones superb ❤,0,2026-07-09T18:49:57Z
@ArghyaBarman_0,Bhai firvi Kitna jeans hoga apke pas ???,0,2026-07-09T18:25:45Z
@SilentMonk-p6k,H&M mast he under3000 jeans,0,2026-07-09T17:30:24Z
@KanakLahkar,Dhxhzhzuzu I,0,2026-07-09T17:06:28Z
@yashak2219,Snitch kidhar hai bhai youtube ke ad me to halla macha rakha hai🤔🤔🤔🧐🧐 😂😂😂,0,2026-07-09T10:26:00Z
@asifkhan-ss9ft,Half sleeve shirt pe bhi asi video ho jaye,0,2026-07-09T07:47:48Z
@Ajayransore19,Tu rhene de bhai,0,2026-07-09T05:56:38Z
@dakshnagar13,Off duty?,0,2026-07-09T03:22:34Z
@innocentvikram18,Bhai ek suggestion hai pet Kam kar le baht bura lagta hai 😢,1,2026-07-09T01:12:57Z
@zaidfazalwala2930,"Bhai ye bura mat lagana pr telu jhaant ni pata..
Sab bekaar brands hai..
Urbano ke jeans literally ek wash mai khatam ho jaati hai.",0,2026-07-09T00:07:11Z
@parvezalamm,try to share myntra link instead of amazon for clothing and footwear,0,2026-07-08T22:07:00Z
@LakshayThakurrr,https://youtu.be/AWbV2BoPiVo?si=QUHnxLWngr7FhQjW,0,2026-07-08T19:37:49Z
@GL_X_Akhil69,Bhaiya budget leather jacket par video bana do,0,2026-07-08T18:00:22Z
@KRISHNASHARMA-ty6bp,Hello bhai kya aap ek video gym essential pe bana sakte ho ki kya kya leja na chaiye gym mei rather than fashion essential more aur ache duffle bhi,0,2026-07-08T17:29:15Z
@lovegutts2366,"Killer' Spykar ,Pepe jeans, being human' flying Machine' in SAB brand ki kyon nahin baat karte ho bro",0,2026-07-08T17:26:22Z
@lovegutts2366,Bhai aap har jeans mein 100% cotton ka use kar rahe ho but fabric key composition dikhai nahin rahe ho 😅,0,2026-07-08T17:23:59Z
@lovegutts2366,Yah girls jeans hi banate hain isiliye inke workers West area ko Shayad mance ke according nahin banaa rahe hain😅,0,2026-07-08T17:22:35Z
@lovegutts2366,Bilkul Levis mein ab vah baat nahin Hai,0,2026-07-08T17:21:21Z
@lovegutts2366,Video mein aap jitne acche se bol rahe ho 100% cotton a fabric composition bhi dikha sakte the (I love your content brother but yahan mein Thoda Sa confuse hu),0,2026-07-08T17:19:53Z
@lovegutts2366,(Urbano) iski jeans ki jo fabric hai raw denim type banai gai hai ismein fabric ki composition I think 98% cotton and 2% spandex ke Sath Hai is vajah se yah jeans thoda versatile aur thoda boring feel ho raha hai but basic jeans ke according yah good,0,2026-07-08T17:17:55Z
@nishantranjan8509,Levi's 555....ultimate,4,2026-07-08T17:16:25Z
@lovegutts2366,(Symbol)800 ke according fabric or wash achcha dikh raha hai(but 5 se 6 varsh mein iski condition aisi nahin rahegi ise dekhkar lag raha hai),0,2026-07-08T17:15:43Z
@lovegutts2366,I think kapde ki jo fabric hai usmein appendix ka jyada use hua Hai is vajah Se vah thodi fail Si gai,5,2026-07-08T17:14:02Z
@Akashdas-d8u,Nowadays gareeb is one kind of gali brother so before you are using this word say I am not taking about your status brother😂,0,2026-07-08T17:11:15Z
@ayusharya434,Try mufti and spykar,1,2026-07-08T17:02:24Z
@muditx021,Brother make review of Uniqlo JW Anderson Jeans collection,1,2026-07-08T16:56:40Z
@RosHem21,Long hair products pe video,0,2026-07-08T16:52:02Z
@Priyanshuu7720,Levi's never disappoints🙌,51,2026-07-08T16:50:10Z
@Rohitkumar-qm5dv,Saari jeans unpressed,0,2026-07-08T16:37:32Z
@sayan_sonu_7525,Try John Player Jeans's Jeans from AJIO and we'll be blown away with the quality and they are available under 1000,0,2026-07-08T16:28:44Z
@ahnaf4942,Capsule wardrobe,6,2026-07-08T16:18:29Z
@kaushik_0106,Thank u bye I am waiting for your video for this for college day to day use 😊,1,2026-07-08T16:06:22Z
@Ultimate-1807,Varsity Jackets under 2k,6,2026-07-08T15:33:50Z
@nabeel2424,Bhai snitch ko toh include hi nahi kiya 🥸,0,2026-07-08T15:31:21Z
@Namanbhadoriya254,American eagle review karo bhai,0,2026-07-08T15:24:19Z
@namitadlakha5963,untld and offduty?,1,2026-07-08T15:16:46Z
@Niteshekka05,Off duty straight fit jeans,3,2026-07-08T15:04:52Z
@Geniousgaming-t5p,Bhai kuch clothing brands batao ham college students ke liye jo online available ho,0,2026-07-08T14:46:59Z
@rishabhgrover8739,Pants pe bhi aaisi hi video please bhai,4,2026-07-08T14:05:42Z
@govindthakur6790,Wow bhaiya bahut acchi video 🎉🎉,2,2026-07-08T13:42:37Z
@himanshumeena6345,I'm a 190 guy bhaii koi muje long length k liiye Jen's btao jo affordable ho plzzz,0,2026-07-08T13:32:00Z
@ThakurAyush0805,"Can We Vote On bottom wear ( trackpants) cotton for summers .
I know he is reading comments .
Thankyou ❤",1,2026-07-08T13:31:20Z
@skkhan999,Bhai bootcut pants,0,2026-07-08T13:00:55Z
@akashdeep5385,"Ralph Lauren,loro piano,zenga,harmes",0,2026-07-08T12:57:30Z
@AdityaPratap-w4q,"I'm a 185 guy, and it's so hard to find 42 or 42-outseam bootcut jeans. There are some brands like Untld and Offduty, but I'm looking for any Levi's International Fit bootcut jeans. They aren't available in India.",1,2026-07-08T12:56:09Z
